load_id,pickup,delivery,distance,equipment,weight,date,market_index,quote_signal,posted_rate,rate_per_mile,posted_rate_iqr_flag,rpm_iqr_flag,negative_weight_flag,missing_weight_flag,missing_market_index_flag,anomaly_flag_count
TR-000470,Phoenix,Jacksonville,2154.3,Dry Van,22509.0,2025-01-04,0.84517,1.76215,10854.69,5.038615791672469,True,True,False,False,False,2
TR-000906,Fort Wayne,Toledo,80.0,Reefer,25930.0,2025-01-06,,2.92545,231.54,2.89425,False,True,False,False,True,2
TR-001330,Harrisburg,Tulsa,1190.5,Dry Van,28538.0,2025-01-09,0.9801,1.87616,7100.73,5.9644939101217975,True,True,False,False,False,2
TR-001467,Los Angeles,Syracuse,2786.0,Reefer,30322.0,2025-01-10,0.98678,1.8537,24140.21,8.664827709978464,True,True,False,False,False,2
TR-001950,Hartford,Reno,2794.2,Reefer,35166.0,2025-01-13,0.83784,1.91304,13918.0,4.981032138000144,True,True,False,False,False,2
TR-002031,Tucson,Houston,1247.6,Dry Van,46843.0,2025-01-13,0.86364,2.00528,10270.54,8.232237896761784,True,True,False,False,False,2
TR-002222,Boston,Jacksonville,1166.1,Flatbed,42165.0,2025-01-14,0.89553,2.00107,11210.34,9.613532287110884,True,True,False,False,False,2
TR-002224,Albuquerque,Indianapolis,1344.4,Dry Van,24751.0,2025-01-14,0.89477,1.7784,12100.18,9.000431419220469,True,True,False,False,False,2
TR-002515,Little Rock,Buffalo,1006.5,Dry Van,19892.0,2025-01-16,1.00383,1.86722,9313.19,9.25304520615996,True,True,False,False,False,2
TR-002663,Grand Rapids,Reno,1951.9,Dry Van,29933.0,2025-01-17,1.02555,1.68637,10436.26,5.346718581894564,True,True,False,False,False,2
TR-003029,Harrisburg,Oklahoma City,1489.5,Reefer,34450.0,2025-01-20,0.8359,2.18843,7679.26,5.155595837529372,True,True,False,False,False,2
TR-003187,El Paso,Fort Wayne,1684.4,Reefer,29510.0,2025-01-21,0.92428,2.08536,12854.51,7.631506767988601,True,True,False,False,False,2
TR-003354,Phoenix,Charleston,2527.9,Reefer,36840.0,2025-01-22,1.03241,2.07342,22534.65,8.914375568653824,True,True,False,False,False,2
TR-003909,Green Bay,Lubbock,1389.2,Dry Van,25352.0,2025-01-25,0.88292,1.80121,8339.05,6.002771379211056,True,True,False,False,False,2
TR-004042,Tucson,Baton Rouge,1410.7,Flatbed,30966.0,2025-01-26,0.83213,1.99559,9275.66,6.5752179768909045,True,True,False,False,False,2
TR-004389,Little Rock,Richmond,1068.0,Dry Van,33387.0,2025-01-28,0.96508,1.93107,8552.48,8.007940074906367,True,True,False,False,False,2
TR-004658,Baltimore,Reno,2884.1,Dry Van,35317.0,2025-01-30,1.06754,1.72427,17688.63,6.133154190215319,True,True,False,False,False,2
TR-004744,Phoenix,Jacksonville,2212.4,Reefer,38134.0,2025-01-30,1.06262,2.14388,14536.22,6.570339902368468,True,True,False,False,False,2
TR-005051,Raleigh,Reno,2642.3,Reefer,35325.0,2025-02-01,,1.90434,1020.7,0.38629224539227186,False,True,False,False,True,2
TR-005194,Albany,Lexington,1058.4,Dry Van,33015.0,2025-02-02,0.87374,1.81719,9080.04,8.579024943310658,True,True,False,False,False,2
TR-005210,Cincinnati,Louisville,70.0,Reefer,9458.0,2025-02-02,,2.96407,207.71,2.9672857142857145,False,True,False,False,True,2
TR-005546,Bakersfield,Baton Rouge,1628.9,Dry Van,23809.0,2025-02-04,0.97174,1.78337,7772.01,4.771324206519737,True,True,False,False,False,2
TR-005604,Los Angeles,Boston,3178.0,Reefer,,2025-02-05,1.03739,2.05392,6546.69,2.0600031466331026,True,False,False,True,False,2
TR-005727,Albany,Milwaukee,1078.0,Dry Van,45463.0,2025-02-05,1.03228,1.94408,6494.7,6.024768089053803,True,True,False,False,False,2
TR-006708,Kansas City,Syracuse,921.6,Dry Van,25661.0,2025-02-12,1.08771,1.88793,8091.49,8.779828559027777,True,True,False,False,False,2
TR-006756,Philadelphia,Dallas,1502.6,Flatbed,32707.0,2025-02-12,1.03761,2.02891,9457.25,6.293923865300147,True,True,False,False,False,2
TR-006982,Fresno,Montgomery,2255.6,Flatbed,-22094.0,2025-02-14,1.06188,1.92707,9825.71,4.356140273098067,True,True,True,False,False,3
TR-007242,Montgomery,Albany,1403.3,Flatbed,45445.0,2025-02-15,0.96085,1.99404,10945.08,7.799529680039906,True,True,False,False,False,2
TR-007361,Corpus Christi,Philadelphia,1739.9,Flatbed,30157.0,2025-02-16,0.90498,1.95132,10115.44,5.813805391114432,True,True,False,False,False,2
TR-007534,New Orleans,Buffalo,1156.4,Flatbed,29407.0,2025-02-17,0.92805,1.93677,10537.71,9.11251297129021,True,True,False,False,False,2
TR-007633,Syracuse,Jacksonville,1003.7,Dry Van,22400.0,2025-02-18,1.02739,1.84565,6646.55,6.622048420842881,True,True,False,False,False,2
TR-008328,Louisville,Cincinnati,70.0,Reefer,26169.0,2025-02-22,,3.15398,221.73,3.1675714285714283,False,True,False,False,True,2
TR-008622,Nashville,Syracuse,929.7,Reefer,33579.0,2025-02-24,0.94124,2.18225,8453.3,9.092502957943422,True,True,False,False,False,2
TR-009156,Green Bay,Shreveport,1021.4,Dry Van,19364.0,2025-02-28,1.07489,1.93979,7214.86,7.063696886626199,True,True,False,False,False,2
TR-009766,Chattanooga,Phoenix,1985.4,Reefer,26659.0,2025-03-04,1.0482,1.97355,10036.5,5.055152614082804,True,True,False,False,False,2
TR-009833,El Paso,Shreveport,1252.3,Dry Van,28394.0,2025-03-04,1.04073,1.99154,12422.22,9.91952407570071,True,True,False,False,False,2
TR-009990,Nashville,Albany,1279.0,Dry Van,23175.0,2025-03-05,1.15803,1.8645,7768.03,6.073518373729476,True,True,False,False,False,2
TR-010000,Grand Rapids,Boston,1069.1,Reefer,29476.0,2025-03-05,1.11126,2.04323,10769.23,10.073173697502572,True,True,False,False,False,2
TR-010371,Cincinnati,Louisville,75.1,Reefer,-37791.0,2025-03-07,1.14061,3.31233,249.26,3.319041278295606,False,True,True,False,False,2
TR-010376,Atlanta,Memphis,224.6,Reefer,-37994.0,2025-03-07,1.12716,3.08946,687.4,3.060552092609083,False,True,True,False,False,2
TR-010387,Mobile,Amarillo,1125.8,Dry Van,38863.0,2025-03-07,1.13115,2.13355,11247.8,9.990939776159175,True,True,False,False,False,2
TR-010955,Green Bay,Houston,1167.0,Dry Van,38500.0,2025-03-11,1.03337,1.98193,10168.3,8.713196229648672,True,True,False,False,False,2
TR-011364,Savannah,Charleston,190.5,Dry Van,,2025-03-14,1.09701,2.59577,148.72,0.7806824146981627,False,True,False,True,False,2
TR-011714,Fort Wayne,Oklahoma City,1151.3,Reefer,38377.0,2025-03-16,0.94313,2.31669,12454.19,10.817501954312517,True,True,False,False,False,2
TR-011935,Corpus Christi,Columbia,977.9,Reefer,29365.0,2025-03-17,0.98649,2.28838,7177.73,7.339942734430923,True,True,False,False,False,2
TR-012185,Bakersfield,Hartford,2829.8,Dry Van,33153.0,2025-03-19,1.16556,1.83188,25533.0,9.022899144815888,True,True,False,False,False,2
TR-013064,Dallas,Toledo,1040.3,Dry Van,24993.0,2025-03-24,1.06255,1.96186,8549.6,8.218398538883015,True,True,False,False,False,2
TR-013512,Lexington,Baton Rouge,751.2,Reefer,36805.0,2025-03-27,1.26904,2.56757,6621.13,8.814070820021298,True,True,False,False,False,2
TR-013848,Phoenix,Baltimore,3127.2,Dry Van,21371.0,2025-03-29,1.05909,1.69055,16386.16,5.239882322844718,True,True,False,False,False,2
TR-014177,Hartford,Memphis,1159.1,Dry Van,15947.0,2025-03-31,1.00746,1.90998,8401.52,7.2483133465619884,True,True,False,False,False,2
TR-014315,Mobile,Harrisburg,923.1,Flatbed,45791.0,2025-04-01,1.10455,1.93776,8631.33,9.350373740656483,True,True,False,False,False,2
TR-014612,Cincinnati,Corpus Christi,931.7,Dry Van,30768.0,2025-04-02,1.17827,2.17761,7648.0,8.208650853278952,True,True,False,False,False,2
TR-014786,Dallas,St. Louis,617.9,Flatbed,17528.0,2025-04-03,1.19781,1.82074,7106.91,11.501715487943033,True,True,False,False,False,2
TR-016265,Albany,Baton Rouge,1714.3,Dry Van,29943.0,2025-04-13,1.03791,2.30634,11408.87,6.655118707344106,True,True,False,False,False,2
TR-016400,Salt Lake City,Hartford,2618.1,Flatbed,-36738.0,2025-04-14,1.09914,2.17998,1211.76,0.4628394637332417,False,True,True,False,False,2
TR-017014,Baton Rouge,Salt Lake City,1448.3,Dry Van,46414.0,2025-04-17,1.36563,1.99484,11311.81,7.810405302768763,True,True,False,False,False,2
TR-017372,Reno,Philadelphia,2777.6,Reefer,33158.0,2025-04-20,1.1507,2.15601,23662.71,8.519120823732719,True,True,False,False,False,2
TR-017385,Fresno,Memphis,2015.3,Flatbed,33377.0,2025-04-20,1.17109,2.13889,13847.57,6.871220165732149,True,True,False,False,False,2
TR-017709,Mobile,Bakersfield,1946.7,Flatbed,28838.0,2025-04-22,1.24939,2.11525,12750.46,6.549781681820516,True,True,False,False,False,2
TR-017764,Greensboro,Phoenix,2295.4,Reefer,43657.0,2025-04-22,1.26369,1.95061,16841.6,7.337109000609915,True,True,False,False,False,2
TR-018016,Green Bay,Richmond,851.0,Dry Van,27091.0,2025-04-24,1.36928,2.14432,6489.53,7.6257696827262045,True,True,False,False,False,2
TR-018109,Lexington,Green Bay,620.2,Dry Van,29075.0,2025-04-24,1.41395,1.98512,6602.57,10.645872299258302,True,True,False,False,False,2
TR-018271,El Paso,Columbia,1825.3,Dry Van,-36413.0,2025-04-25,1.35588,2.18505,8708.21,4.7708376705199145,True,True,True,False,False,3
TR-018418,Providence,Phoenix,3110.8,Flatbed,33214.0,2025-04-26,1.27372,2.21169,14934.48,4.8008486562942005,True,True,False,False,False,2
TR-018740,Austin,Albuquerque,833.9,Flatbed,20546.0,2025-04-28,1.19135,1.83855,7777.29,9.326406043890154,True,True,False,False,False,2
TR-019091,Hartford,Little Rock,1374.0,Dry Van,43480.0,2025-04-30,1.36212,2.09302,9161.37,6.667663755458516,True,True,False,False,False,2
TR-019517,Los Angeles,Nashville,2021.0,Flatbed,33799.0,2025-05-03,1.28844,2.07878,16229.57,8.03046511627907,True,True,False,False,False,2
TR-020246,Atlanta,Los Angeles,2153.5,Reefer,31758.0,2025-05-08,1.42571,1.96054,17772.53,8.252858137915021,True,True,False,False,False,2
TR-020882,Reno,Dayton,2004.1,Dry Van,17891.0,2025-05-12,1.22414,2.32767,12906.22,6.439908188214161,True,True,False,False,False,2
TR-020883,Reno,Memphis,1869.7,Flatbed,-19389.0,2025-05-12,1.26327,2.24126,14561.21,7.7879927261057915,True,True,True,False,False,3
TR-021056,Amarillo,Little Rock,837.7,Reefer,33864.0,2025-05-13,1.3147,1.51475,9350.63,11.16226572758744,True,True,False,False,False,2
TR-021084,Las Vegas,Baton Rouge,1559.8,Dry Van,22992.0,2025-05-13,1.28711,2.18265,12569.71,8.058539556353379,True,True,False,False,False,2
TR-021400,Memphis,Mobile,330.4,Flatbed,-23480.0,2025-05-15,1.39389,1.58442,247.37,0.7486985472154964,False,True,True,False,False,2
TR-021610,Albuquerque,Milwaukee,1421.3,Flatbed,27841.0,2025-05-17,1.23694,2.04142,14079.19,9.905853795820729,True,True,False,False,False,2
TR-021703,Buffalo,Shreveport,1151.5,Flatbed,25885.0,2025-05-17,1.30036,1.99998,11708.49,10.168033000434216,True,True,False,False,False,2
TR-021903,Jacksonville,Baltimore,926.1,Reefer,21481.0,2025-05-18,1.16454,1.88682,7010.39,7.569798077961344,True,True,False,False,False,2
TR-021951,Hartford,Oklahoma City,1851.3,Reefer,29871.0,2025-05-19,1.20795,1.97389,13863.47,7.4885053746016315,True,True,False,False,False,2
TR-022255,Greensboro,Cincinnati,314.7,Reefer,-36485.0,2025-05-21,1.37257,1.24215,4445.23,14.125293930727675,False,True,True,False,False,2
TR-022459,Salt Lake City,Mobile,1632.3,Dry Van,-32048.0,2025-05-22,1.43189,2.10748,599.77,0.36743858359370213,False,True,True,False,False,2
TR-022731,Dallas,Grand Rapids,1041.3,Reefer,32899.0,2025-05-24,1.24348,1.79121,11895.25,11.423461058292519,True,True,False,False,False,2
TR-023305,El Paso,Tulsa,1071.1,Reefer,25243.0,2025-05-27,1.25851,1.80396,7683.65,7.1736065726822895,True,True,False,False,False,2
TR-023403,Atlanta,San Antonio,944.8,Reefer,,2025-05-28,1.38569,1.58957,454.9,0.48147756138865366,False,True,False,True,False,2
TR-023574,Boston,Nashville,1223.5,Flatbed,25738.0,2025-05-29,1.41937,1.92672,10045.86,8.21075602778913,True,True,False,False,False,2
TR-023974,Boston,Cincinnati,1119.8,Flatbed,22612.0,2025-05-31,1.25222,2.0566,9379.48,8.376031434184675,True,True,False,False,False,2
TR-024566,Hartford,Mobile,1264.3,Reefer,36014.0,2025-06-04,1.3777,2.33399,12403.35,9.81044846950882,True,True,False,False,False,2
TR-024636,Milwaukee,Fresno,2053.7,Dry Van,27923.0,2025-06-04,1.36727,1.95175,11729.5,5.711398938501242,True,True,False,False,False,2
TR-024673,El Paso,Charleston,2028.3,Flatbed,27008.0,2025-06-04,1.40202,2.17107,10705.58,5.27810481684169,True,True,False,False,False,2
TR-024779,Montgomery,Oklahoma City,869.1,Reefer,29372.0,2025-06-05,1.38722,2.41944,8198.5,9.43332182717754,True,True,False,False,False,2
TR-025655,Greensboro,Lubbock,1240.6,Reefer,29932.0,2025-06-11,1.35924,2.42856,11224.33,9.047501209092376,True,True,False,False,False,2
TR-025800,Indianapolis,Buffalo,684.6,Dry Van,33312.0,2025-06-12,,2.20506,4396.72,6.422319602687701,False,True,False,False,True,2
TR-026011,Richmond,Fresno,2792.2,Dry Van,19867.0,2025-06-13,1.37077,1.8566,13432.05,4.810561564357854,True,True,False,False,False,2
TR-026202,Albany,Shreveport,1649.8,Dry Van,21136.0,2025-06-15,1.22519,1.92921,10402.19,6.305121832949449,True,True,False,False,False,2
TR-026236,Charleston,Phoenix,2552.5,Dry Van,25665.0,2025-06-15,1.20224,1.81289,23580.42,9.238166503428012,True,True,False,False,False,2
TR-026643,Fresno,Savannah,2571.0,Dry Van,47500.0,2025-06-17,1.24969,1.9893,11700.83,4.551081291326332,True,True,False,False,False,2
TR-026743,Shreveport,Mobile,300.6,Reefer,,2025-06-18,1.40727,3.0639,911.28,3.0315369261477043,False,True,False,True,False,2
TR-026810,Tampa,Little Rock,619.0,Reefer,26773.0,2025-06-18,1.40187,2.6726,6625.8,10.704038772213247,True,True,False,False,False,2
TR-026947,Columbia,Bakersfield,2187.2,Dry Van,26570.0,2025-06-19,1.35915,1.92802,11439.83,5.230353877103146,True,True,False,False,False,2
TR-026991,Syracuse,Amarillo,1860.8,Dry Van,27170.0,2025-06-19,1.39991,1.99193,9471.39,5.089955932932072,True,True,False,False,False,2
TR-026995,Baton Rouge,Fort Wayne,982.3,Flatbed,39940.0,2025-06-19,1.34842,2.5109,9572.69,9.745179680342055,True,True,False,False,False,2
TR-027320,Lexington,Philadelphia,808.7,Dry Van,40018.0,2025-06-21,1.20121,2.17482,7870.44,9.732212192407566,True,True,False,False,False,2
TR-027381,Oklahoma City,New York,1713.2,Dry Van,31476.0,2025-06-21,1.25125,1.97389,10809.73,6.309671958907307,True,True,False,False,False,2
TR-027388,St. Louis,Reno,1823.4,Dry Van,27053.0,2025-06-21,1.22629,1.85045,14628.56,8.022682900076779,True,True,False,False,False,2
TR-027615,El Paso,Cincinnati,1615.7,Flatbed,25698.0,2025-06-23,1.1551,2.24607,13875.07,8.587652410719812,True,True,False,False,False,2
TR-027696,Shreveport,Nashville,370.0,Flatbed,,2025-06-23,1.21302,2.91086,1080.4,2.9200000000000004,False,True,False,True,False,2
TR-027836,Richmond,Phoenix,2651.3,Dry Van,42643.0,2025-06-24,1.27182,1.94687,12021.48,4.534183230867876,True,True,False,False,False,2
TR-027970,Buffalo,Boston,589.9,Reefer,24951.0,2025-06-25,1.3392,2.58804,7597.52,12.879335480589932,True,True,False,False,False,2
TR-028013,Montgomery,Houston,604.3,Reefer,39690.0,2025-06-25,1.31135,2.76111,7773.37,12.863428760549397,True,True,False,False,False,2
TR-028216,Washington,San Antonio,1613.7,Dry Van,28792.0,2025-06-27,1.31844,2.10183,9397.64,5.823659912003469,True,True,False,False,False,2
TR-028220,Tucson,Raleigh,2423.3,Dry Van,30972.0,2025-06-27,1.32894,1.97112,22755.66,9.390360252548177,True,True,False,False,False,2
TR-028231,Bakersfield,El Paso,440.0,Reefer,39299.0,2025-06-27,,2.89339,1265.82,2.876863636363636,False,True,False,False,True,2
TR-028544,Atlanta,Hartford,997.2,Flatbed,13107.0,2025-06-29,1.1919,2.28825,9195.27,9.221089049338147,True,True,False,False,False,2
TR-028598,Richmond,Shreveport,1106.1,Reefer,32640.0,2025-06-29,1.20681,2.4724,11276.81,10.195108941325378,True,True,False,False,False,2
TR-028700,Bakersfield,Buffalo,2396.0,Dry Van,36757.0,2025-06-30,1.20963,2.00026,15165.13,6.329353088480801,True,True,False,False,False,2
TR-028780,Phoenix,Tampa,2068.4,Dry Van,45171.0,2025-06-30,1.16543,1.99965,10498.93,5.075870237865017,True,True,False,False,False,2
TR-028814,Mobile,Boston,1397.3,Reefer,34745.0,2025-07-01,1.2226,1.85662,10620.88,7.601001932298003,True,True,False,False,False,2
TR-028825,Washington,Lubbock,1627.6,Dry Van,38611.0,2025-07-01,1.25439,2.08207,14317.13,8.796467190956008,True,True,False,False,False,2
TR-028996,Amarillo,Greensboro,1440.3,Flatbed,,2025-07-02,,2.03283,1156.87,0.8032146080677636,False,True,False,True,True,3
TR-029278,Lexington,Shreveport,635.4,Flatbed,28791.0,2025-07-03,1.36276,1.7668,7269.5,11.440824677368587,True,True,False,False,False,2
TR-029286,Baton Rouge,Philadelphia,1517.5,Reefer,36203.0,2025-07-04,1.35508,1.83016,13817.43,9.105390444810544,True,True,False,False,False,2
TR-029664,Indianapolis,Salt Lake City,1568.2,Reefer,47500.0,2025-07-06,1.12126,1.82599,11668.74,7.440849381456447,True,True,False,False,False,2
TR-030247,Cincinnati,Albany,1110.8,Dry Van,36937.0,2025-07-10,1.32643,2.05626,9195.08,8.277889809146561,True,True,False,False,False,2
TR-030317,Oklahoma City,Lubbock,202.1,Flatbed,40428.0,2025-07-10,,1.03042,630.34,3.1189510143493324,False,True,False,False,True,2
TR-030351,Houston,Baton Rouge,164.3,Flatbed,36510.0,2025-07-10,,0.9858,515.33,3.136518563603165,False,True,False,False,True,2
TR-031202,El Paso,Kansas City,1362.6,Dry Van,44357.0,2025-07-15,1.23036,2.11456,9445.95,6.932298546895642,True,True,False,False,False,2
TR-031260,Oklahoma City,Baltimore,1747.7,Reefer,28876.0,2025-07-16,1.34103,1.80406,19042.39,10.895685758425358,True,True,False,False,False,2
TR-031461,Madison,San Antonio,1155.6,Dry Van,31247.0,2025-07-17,1.34744,2.02471,10965.67,9.489157147802008,True,True,False,False,False,2
TR-032085,Nashville,Amarillo,1115.9,Reefer,35813.0,2025-07-21,1.12249,1.68685,7417.99,6.647540102159691,True,True,False,False,False,2
TR-032169,Cincinnati,Lexington,128.8,Flatbed,-31390.0,2025-07-22,1.2236,1.16136,379.37,2.945419254658385,False,True,True,False,False,2
TR-032353,Phoenix,Nashville,1998.0,Dry Van,41695.0,2025-07-23,1.27214,2.13503,16951.43,8.4841991991992,True,True,False,False,False,2
TR-032460,Charleston,Lubbock,1424.2,Dry Van,43646.0,2025-07-24,1.31612,1.93952,12550.02,8.811978654683331,True,True,False,False,False,2
TR-032678,Dallas,Baltimore,1547.6,Dry Van,34852.0,2025-07-25,1.06736,2.23071,13435.73,8.681655466528818,True,True,False,False,False,2
TR-032679,El Paso,Savannah,1870.5,Dry Van,24333.0,2025-07-25,1.06596,2.35637,10182.59,5.443779738037958,True,True,False,False,False,2
TR-032878,Amarillo,Raleigh,1791.7,Flatbed,38249.0,2025-07-26,1.00777,2.06245,8768.95,4.894206619411732,True,True,False,False,False,2
TR-033039,Raleigh,Fort Wayne,706.8,Reefer,43242.0,2025-07-27,0.96117,1.88399,7607.75,10.763653084323714,True,True,False,False,False,2
TR-033075,Mobile,Phoenix,1880.0,Reefer,21494.0,2025-07-27,0.97385,2.04041,17333.65,9.220026595744681,True,True,False,False,False,2
TR-033087,Oklahoma City,Hartford,1819.2,Flatbed,31163.0,2025-07-28,0.99486,2.08736,11117.85,6.111395118733509,True,True,False,False,False,2
TR-033233,Baton Rouge,Albany,1759.5,Dry Van,34332.0,2025-07-29,,2.27971,9454.94,5.373651605569765,True,True,False,False,True,3
TR-033274,Tucson,Montgomery,1848.1,Dry Van,40927.0,2025-07-29,1.01446,2.21746,11700.79,6.331253720036796,True,True,False,False,False,2
TR-033312,Los Angeles,Mobile,1945.6,Dry Van,19268.0,2025-07-29,1.00732,2.37599,11663.11,5.994608347039474,True,True,False,False,False,2
TR-034288,Jacksonville,Oklahoma City,992.4,Dry Van,42032.0,2025-08-04,0.93842,2.28178,9535.05,9.608071342200725,True,True,False,False,False,2
TR-034374,New York,Tulsa,1444.5,Dry Van,13908.0,2025-08-05,1.01849,2.26301,7603.41,5.263696780893042,True,True,False,False,False,2
TR-034474,Austin,Lexington,1170.0,Dry Van,25131.0,2025-08-05,1.01271,2.24062,7436.41,6.355905982905983,True,True,False,False,False,2
TR-034584,Atlanta,Fresno,2242.0,Dry Van,32005.0,2025-08-06,1.09714,1.98678,18972.15,8.462154326494202,True,True,False,False,False,2
TR-035469,Lexington,Fresno,2305.9,Dry Van,42707.0,2025-08-12,0.9485,2.28957,17742.34,7.69432325773017,True,True,False,False,False,2
TR-035524,Los Angeles,Mobile,1971.1,Dry Van,25894.0,2025-08-12,0.97499,2.37027,12284.47,6.232291613819695,True,True,False,False,False,2
TR-035834,Green Bay,Amarillo,1384.6,Reefer,37596.0,2025-08-14,1.04156,1.83041,11797.79,8.52072078578651,True,True,False,False,False,2
TR-035905,Nashville,Hartford,1082.9,Dry Van,35666.0,2025-08-15,1.0204,1.92842,8904.72,8.223030750761842,True,True,False,False,False,2
TR-035999,Richmond,Milwaukee,770.9,Dry Van,32008.0,2025-08-15,1.04167,1.90063,6767.41,8.77858347386172,True,True,False,False,False,2
TR-036337,Louisville,San Antonio,953.3,Dry Van,27815.0,2025-08-18,0.93015,1.92583,7005.3,7.3484737228574435,True,True,False,False,False,2
TR-036392,Houston,Tucson,1280.7,Reefer,37808.0,2025-08-18,0.852,1.81515,9127.43,7.126907160146795,True,True,False,False,False,2
TR-036680,El Paso,Greensboro,1813.7,Dry Van,20366.0,2025-08-20,1.00259,1.7615,11839.2,6.5276506588741245,True,True,False,False,False,2
TR-036930,Kansas City,Phoenix,1894.0,Dry Van,21740.0,2025-08-21,1.08017,2.12559,14362.88,7.583357972544878,True,True,False,False,False,2
TR-037174,Albuquerque,Madison,1327.4,Flatbed,36335.0,2025-08-23,0.97029,1.90503,11981.0,9.025915323188187,True,True,False,False,False,2
TR-037765,Phoenix,Syracuse,2810.9,Dry Van,33674.0,2025-08-27,1.04877,2.16284,24294.98,8.643132092923974,True,True,False,False,False,2
TR-037963,San Francisco,Atlanta,2287.0,Dry Van,27878.0,2025-08-28,1.055,2.37447,13409.18,5.863218189768255,True,True,False,False,False,2
TR-038045,Baton Rouge,Richmond,1212.4,Dry Van,21517.0,2025-08-29,0.96384,1.96575,6964.45,5.744350049488617,True,True,False,False,False,2
TR-038460,San Antonio,Grand Rapids,1352.0,Reefer,44265.0,2025-08-31,0.86237,1.93871,7384.72,5.46207100591716,True,True,False,False,False,2
TR-038772,Houston,New York,1543.2,Reefer,40543.0,2025-09-02,0.91654,2.19666,11377.49,7.372660705028512,True,True,False,False,False,2
TR-038823,New York,Hartford,116.9,Reefer,30915.0,2025-09-03,,3.00866,353.31,3.022326775021386,False,True,False,False,True,2
TR-039349,Grand Rapids,Madison,272.3,Flatbed,-23983.0,2025-09-06,,2.47666,669.86,2.4600073448402497,False,False,True,False,True,2
TR-039363,Tulsa,Bakersfield,1477.7,Dry Van,30076.0,2025-09-06,0.88612,1.99466,11684.7,7.9073560262570215,True,True,False,False,False,2
TR-039368,Baton Rouge,Grand Rapids,1103.7,Dry Van,22408.0,2025-09-06,0.88674,1.85875,9250.6,8.381444233034339,True,True,False,False,False,2
TR-039439,Tucson,Houston,1292.0,Dry Van,40140.0,2025-09-07,0.82468,2.10254,7773.89,6.016942724458205,True,True,False,False,False,2
TR-039460,Phoenix,Lexington,2217.9,Dry Van,32609.0,2025-09-07,0.8206,1.85439,10528.39,4.74700843139907,True,True,False,False,False,2
TR-039480,Syracuse,Indianapolis,829.7,Reefer,27194.0,2025-09-07,0.83751,2.1798,8354.94,10.069832469567313,True,True,False,False,False,2
TR-039514,Cincinnati,Green Bay,593.2,Flatbed,-33699.0,2025-09-07,0.82737,2.32894,3509.58,5.916351989211058,False,True,True,False,False,2
TR-039900,Birmingham,Mobile,194.5,Reefer,,2025-09-09,0.847,3.00931,587.37,3.019897172236504,False,True,False,True,False,2
TR-040080,Tucson,Columbia,2046.7,Flatbed,23285.0,2025-09-11,1.0281,2.03725,9993.31,4.8826452337909805,True,True,False,False,False,2
TR-040097,Baltimore,Oklahoma City,1760.3,Reefer,29521.0,2025-09-11,1.00464,2.28753,20132.37,11.436897119809123,True,True,False,False,False,2
TR-040159,San Francisco,Shreveport,1950.8,Dry Van,40882.0,2025-09-11,1.01516,2.01542,12240.81,6.27476419930285,True,True,False,False,False,2
TR-040172,Montgomery,Fresno,2283.4,Dry Van,32447.0,2025-09-11,0.98502,1.93645,20361.89,8.917355697643863,True,True,False,False,False,2
TR-040323,Montgomery,El Paso,1639.9,Dry Van,38363.0,2025-09-12,0.96139,1.92501,14949.25,9.11595219220684,True,True,False,False,False,2
TR-041473,Phoenix,Tucson,280.6,Reefer,-44395.0,2025-09-20,0.87193,2.91009,817.29,2.912651461154668,False,True,True,False,False,2
TR-042150,Grand Rapids,Lubbock,1415.5,Dry Van,35333.0,2025-09-24,0.96389,2.11162,13026.22,9.202557400211939,True,True,False,False,False,2
TR-042186,Los Angeles,Albany,3161.7,Dry Van,-25804.0,2025-09-24,,1.78731,5692.34,1.8004048454945125,False,False,True,False,True,2
TR-042302,Nashville,Greensboro,371.1,Dry Van,28762.0,2025-09-25,,2.31887,349.14,0.9408245755860953,False,True,False,False,True,2
TR-042438,Toledo,Austin,1445.9,Dry Van,37298.0,2025-09-26,0.89811,1.93929,7197.15,4.977626391866657,True,True,False,False,False,2
TR-042646,Boston,Phoenix,3183.8,Dry Van,32231.0,2025-09-27,0.82572,1.77316,13420.59,4.215274200640744,True,True,False,False,False,2
TR-042736,Jacksonville,Tucson,1943.0,Dry Van,16292.0,2025-09-28,0.78263,1.84861,12797.54,6.586484817292846,True,True,False,False,False,2
TR-042882,San Antonio,Detroit,1460.5,Dry Van,43567.0,2025-09-29,0.74601,2.04253,13503.63,9.245895241355699,True,True,False,False,False,2
TR-042992,Houston,Hartford,1667.1,Dry Van,20533.0,2025-09-29,0.78127,1.8657,10119.16,6.069917821366445,True,True,False,False,False,2
TR-043102,Fort Wayne,Albany,874.4,Reefer,32660.0,2025-09-30,0.81429,2.23902,7443.31,8.51247712717292,True,True,False,False,False,2
TR-043185,Fort Wayne,Atlanta,548.4,Reefer,26544.0,2025-10-01,0.94021,1.76816,6477.13,11.810959153902262,True,True,False,False,False,2
TR-043303,Atlanta,Phoenix,2083.1,Reefer,40335.0,2025-10-01,0.9074,1.94613,13894.55,6.670131054678124,True,True,False,False,False,2
TR-043385,Lexington,Lubbock,1187.0,Dry Van,25359.0,2025-10-02,0.95849,2.17408,11696.44,9.853782645324348,True,True,False,False,False,2
TR-043540,Milwaukee,Bakersfield,1893.0,Dry Van,30760.0,2025-10-03,1.08079,2.22972,17514.11,9.25203909138933,True,True,False,False,False,2
TR-043643,Milwaukee,Baltimore,985.2,Dry Van,16150.0,2025-10-04,0.93795,2.21345,8236.26,8.359987819732034,True,True,False,False,False,2
TR-043727,Reno,Toledo,2117.6,Dry Van,25124.0,2025-10-04,0.94851,2.37759,8592.93,4.057862674726105,True,True,False,False,False,2
TR-043887,Shreveport,Baltimore,1348.4,Reefer,25462.0,2025-10-05,0.86034,1.90892,11052.72,8.196914862058735,True,True,False,False,False,2
TR-044162,Baton Rouge,Detroit,1189.2,Flatbed,31603.0,2025-10-07,0.95007,2.02274,8425.34,7.084880591994618,True,True,False,False,False,2
TR-044268,Albany,Albuquerque,2492.6,Dry Van,25513.0,2025-10-08,1.0559,2.38846,14425.42,5.787298403273691,True,True,False,False,False,2
TR-044271,Columbia,Kansas City,652.1,Reefer,-21645.0,2025-10-08,1.02988,1.78127,313.15,0.4802177580125747,False,True,True,False,False,2
TR-044345,Lexington,Albany,1040.0,Dry Van,36569.0,2025-10-08,1.04012,2.05845,10566.25,10.15985576923077,True,True,False,False,False,2
TR-044379,San Antonio,Austin,86.8,Dry Van,-26959.0,2025-10-08,1.05233,1.15773,257.52,2.9668202764976956,False,True,True,False,False,2
TR-044701,Madison,Charleston,877.8,Dry Van,-23606.0,2025-10-10,,2.21655,1747.88,1.9912052859421283,False,False,True,False,True,2
TR-044756,New York,Hartford,114.6,Flatbed,27047.0,2025-10-11,,1.20776,330.59,2.8847294938917973,False,True,False,False,True,2
TR-045174,Corpus Christi,Atlanta,832.1,Dry Van,47500.0,2025-10-13,0.88212,1.87079,7004.3,8.417618074750632,True,True,False,False,False,2
TR-045197,Tulsa,Shreveport,207.9,Reefer,,2025-10-14,0.93693,1.21667,603.72,2.9038961038961038,False,True,False,True,False,2
TR-045286,Providence,Baton Rouge,1590.7,Dry Van,30170.0,2025-10-14,0.93687,2.10491,9208.2,5.788772238637078,True,True,False,False,False,2
TR-045820,Atlanta,Baltimore,940.4,Dry Van,30598.0,2025-10-18,0.9171,2.16316,9522.01,10.12548915355168,True,True,False,False,False,2
TR-045834,Amarillo,Greensboro,1478.5,Reefer,7483.0,2025-10-18,,1.94687,700.21,0.4735948596550558,False,True,False,False,True,2
TR-046214,Columbia,Tucson,2023.4,Flatbed,34710.0,2025-10-20,0.89822,2.06797,17893.17,8.84312049026391,True,True,False,False,False,2
TR-046367,Bakersfield,Columbia,2251.9,Dry Van,40729.0,2025-10-21,0.94743,2.19163,14403.14,6.395994493538789,True,True,False,False,False,2
TR-046517,Toledo,Albuquerque,1684.3,Reefer,31536.0,2025-10-22,0.98632,2.05917,14784.38,8.77775930653684,True,True,False,False,False,2
TR-046614,Little Rock,Buffalo,1038.6,Flatbed,18497.0,2025-10-23,1.05025,2.01241,7151.41,6.885624879645677,True,True,False,False,False,2
TR-046668,Albuquerque,Lexington,1643.6,Dry Van,21757.0,2025-10-23,1.01507,2.20519,9305.14,5.6614383061572155,True,True,False,False,False,2
TR-047299,Boston,Bakersfield,2979.1,Reefer,30585.0,2025-10-27,0.86501,2.09472,19110.3,6.414789701587728,True,True,False,False,False,2
TR-047537,Los Angeles,Richmond,2782.4,Dry Van,25730.0,2025-10-29,1.0341,2.39203,15003.55,5.39230520414031,True,True,False,False,False,2
TR-047587,Corpus Christi,Las Vegas,1383.3,Flatbed,18645.0,2025-10-29,1.01713,2.02448,11596.28,8.383055013373816,True,True,False,False,False,2
TR-047662,Phoenix,Oklahoma City,1261.3,Dry Van,35825.0,2025-10-30,1.06957,2.01821,8276.0,6.561484182985809,True,True,False,False,False,2
TR-047821,Los Angeles,Little Rock,1722.4,Reefer,41796.0,2025-10-30,1.03114,1.86271,9939.89,5.770953320947514,True,True,False,False,False,2
